month_n,state_n,district_n,mdrtly_stntd,svrly_stntd,svrly_wstd,mdrtly_wstd,svrly_uw,mdrtly_uw,nb_lbw,wstd_chld,stntd_chld,uw_chld,svrly_wasting_percent,wasting_percent,svrly_stunting_percent,stunting_percent,svrly_underweight_percent,underweight_percent,low_birth_weight_percent,no_chld_bf_at_birth,no_chld_appr_cf,no_chld_excly_bf,no_chld_rcvg_cf_wid_adq_dt_dvsty,no_chld_intd_cf_past30d,no_chld_cf_wid_adq_dt_qnty,tot_no_chld_rcvg_cf_wid_appr_hndwhd_bfr_fdg,no_of_chld_cmpltd_1yr_immunzt,total_no_chld_enrld_cas_born_lstmnth,total_no_chld_0t6mnths_enrld_cas,no_chld_appr_cf,prnt_chld_bf_at_birth,prnt_chld_excly_bf,prnt_chld_rcvg_cf_wid_adq_dt_dvsty,prnt_chld_cf_wid_adq_dt_qnty,per_no_chld_cf_wid_appr_hndwhg_bfr_fdg,prnt_chld_intd_cf_p30d,prnt_child_1yr_immnztn,prnt_intd_cf_6to24mnth_child,no_anemic_wmn,no_pregnant_women,no_tenatus_cmpltd,no_wmn_rstg_drg_prgncy,no_wmn_etg_xtr_ml_drg_prgncy,no_trmstr_3wmn_cnsld_imdtbf,no_wmn_4_anc_vst_dlvry,prnt_anwmic_wmn,prnt_4_anc_vst_dlvry,prnt_wmn_etg_xtr_ml_drng_prgncy,prnt_wmn_rstg_drg_prgncy,prnt_trmstr_3wmn_cnsld_imdtbf
Dec,Maharashtra,Ahmadnagar,37762,21553,2088,7366,5483,23262,463,9454,59315,28745,0.85,3.83,8.72,23.98,2.11,11.06,12.5,3375,85088,25772,78744,12779,78437,83877,73024,4202,33355,85088,80.32,77.27,92.54,92.18,98.58,90.21,26.76,88.11,2863,25302,10116,24043,24165,19462,4265,11.32,16.86,95.51,95.02,76.92
Dec,Maharashtra,Akola,13746,9423,1258,2689,2062,7761,205,3947,23169,9823,1.82,5.7,13.58,33.4,2.57,12.25,16.64,1129,28153,8903,24443,4017,23484,27720,10702,1471,12075,28153,76.75,73.73,86.82,83.42,98.46,82.06,11.02,77.16,1428,8832,3809,8069,8119,6535,1020,16.17,11.55,91.93,91.36,73.99
Dec,Maharashtra,Amravati,29792,22016,2154,5564,5667,21908,309,7718,51808,27575,1.86,6.66,18.97,44.64,4.35,21.14,16.47,1666,46583,13336,41045,6632,40272,45665,53465,2176,18871,46583,76.56,70.67,88.11,86.45,98.03,81.93,34.33,79.45,3216,13628,6395,12317,12402,9750,3373,23.6,24.75,91,90.38,71.54
Dec,Maharashtra,Aurangabad,43524,26868,2686,8557,7460,28512,489,11243,70392,35972,1.43,6,14.31,37.5,3.63,17.52,18.47,2452,69819,19984,63093,10428,61447,68587,42291,3139,27605,69819,78.11,72.39,90.37,88.01,98.24,86.25,18.1,83.6,1943,21939,8190,19951,20162,15521,2279,8.86,10.39,91.9,90.94,70.75
Dec,Maharashtra,Beed,25714,17623,2530,5662,3776,15581,389,8192,43337,19357,1.96,6.36,13.65,33.57,2.67,13.68,18.14,1855,51085,15222,45937,7375,46094,50133,20548,2513,20845,51085,73.82,73.02,89.92,90.23,98.14,85.69,11.46,82.29,1069,15914,5257,14457,14601,11538,1360,6.72,8.55,91.75,90.84,72.5
Dec,Maharashtra,Bhandara,13208,8581,872,2390,1736,6845,178,3262,21789,8581,1.39,5.18,13.61,34.55,2.51,12.43,16.48,924,21260,6910,19000,2963,19166,20909,19636,1242,8916,21260,74.4,77.5,89.37,90.15,98.35,86.76,27.95,82.99,1741,6678,3824,6257,6284,5145,1529,26.07,22.9,94.1,93.7,77.04
Dec,Maharashtra,Buldana,27495,17166,1903,6266,4280,19267,296,8169,44661,23547,1.48,6.35,13.32,34.66,2.76,15.2,14.38,1942,50504,15457,44817,7380,44222,49796,53046,2345,20008,50504,82.81,77.25,88.74,87.56,98.6,89.28,32.42,83.93,2019,15084,6495,14332,14411,11451,2710,13.39,17.97,95.54,95.01,75.91
Dec,Maharashtra,Chandrapur,25408,19387,1815,4482,4089,16009,290,6297,44795,20098,1.69,5.85,18,41.58,3.6,17.7,19.88,1314,35260,10743,32400,4675,31785,34809,36889,1696,14405,35260,77.48,74.58,91.89,90.14,98.72,86.48,31.71,87.32,2018,9938,4747,9433,9492,7548,1734,20.31,17.45,95.51,94.92,75.95
Dec,Maharashtra,Dhule,25533,20361,1601,4857,5141,17410,357,6458,45894,22551,1.46,5.87,18.5,41.69,3.98,17.45,17.75,1850,43833,13904,38796,6918,37131,43247,28717,2305,18935,43833,80.26,73.43,88.51,84.71,98.66,86.69,19.89,80.74,1219,12628,4563,11385,11527,8869,1033,9.65,8.18,91.28,90.16,70.23
Dec,Maharashtra,Gadchiroli,17077,12840,1198,3912,4749,15180,239,5110,29917,19929,2.07,8.83,22.13,51.56,7.52,31.55,20.25,1002,21595,7009,18892,2731,18200,21199,11393,1373,10164,21595,72.98,68.96,87.48,84.28,98.17,76.67,15.08,75.22,1479,7104,3236,6219,6306,4819,888,20.82,12.5,88.77,87.54,67.84
Dec,Maharashtra,Gondia,16790,9790,1235,3360,2468,9650,245,4595,26580,12118,1.55,5.78,12.3,33.4,2.84,13.95,17.36,1235,26206,8189,23104,3486,23245,25863,22375,1536,10635,26206,80.4,77,88.16,88.7,98.69,89.43,27.25,83.92,2041,8336,4435,7904,7923,6316,1670,24.48,20.03,95.05,94.82,75.77
Dec,Maharashtra,Hingoli,12722,9684,1364,2965,2874,10070,246,4329,22406,12944,2.28,7.25,16.17,37.42,3.79,17.08,19.95,1062,25027,8622,22412,3550,21986,24548,8430,1412,11612,25027,75.21,74.25,89.55,87.85,98.09,85.3,9.87,81.44,1161,7900,3031,7164,7206,5770,648,14.7,8.2,91.22,90.68,73.04
Dec,Maharashtra,Jalgaon,44991,23906,3537,10026,6078,28146,483,13563,68897,34224,1.63,6.25,11.01,31.72,2.6,14.63,14.46,3031,77523,22920,71311,11729,68222,76391,157336,3772,30846,77523,80.36,74.3,91.99,88,98.54,89.97,62.47,86.63,2603,22740,11548,21183,21398,16981,4206,11.45,18.5,94.1,93.15,74.67
Dec,Maharashtra,Jalna,23102,17814,2956,5688,3758,13697,341,8644,40916,17455,2.48,7.26,14.92,34.28,2.77,12.86,20.79,1532,41048,12574,36583,6278,35909,40152,16793,1982,16799,41048,77.3,74.85,89.12,87.48,97.82,88.09,12.11,82.74,1197,13026,4716,12169,12277,9754,1490,9.19,11.44,94.25,93.42,74.88
Dec,Maharashtra,Kolhapur,27111,11256,1542,5518,3399,14754,294,7060,38367,18153,0.91,4.15,6.61,22.54,1.81,9.69,13.75,1976,60454,15704,55005,8438,55712,59923,56636,2481,21053,60454,79.65,74.59,90.99,92.16,99.12,90.48,29.11,87.59,2110,16956,7192,16178,16255,12557,1569,12.44,9.25,95.87,95.41,74.06
Dec,Maharashtra,Latur,16945,11236,1742,3111,2977,10638,337,4853,28181,13615,2.02,5.62,12.99,32.57,2.64,12.09,19.09,1549,41139,12729,37794,5841,37270,40207,21262,2084,17571,41139,74.33,72.44,91.87,90.6,97.73,83.79,15.52,83.93,1615,12667,4754,11458,11574,9020,1258,12.75,9.93,91.37,90.46,71.21
Dec,Maharashtra,Mumbai City,6127,3763,1074,2572,1433,5506,67,3646,9890,6939,3.17,10.77,11.03,28.99,3.34,16.19,16.26,365,16278,3894,14554,2094,14649,16156,7159,490,5588,16278,74.49,69.69,89.41,89.99,99.25,80.08,10.94,78.94,179,2775,678,2410,2395,1982,96,6.45,3.46,86.31,86.85,71.42
Dec,Maharashtra,Mumbai Suburban,30196,18090,3879,11122,6417,26150,331,15001,48286,32567,2.74,10.6,12.73,33.98,3.4,17.26,16.52,1814,78881,18174,68936,10196,72917,78170,49796,2330,25001,78881,77.85,72.69,87.39,92.44,99.1,84.76,16.8,80.47,1050,13472,3855,12672,12702,10386,717,7.79,5.32,94.28,94.06,77.09
Dec,Maharashtra,Nagpur,26950,16802,2185,5815,4473,19310,447,8000,43752,23783,1.63,5.95,12.48,32.49,2.58,13.7,17.63,2282,61700,18527,55735,8591,54448,60746,46697,2859,25302,61700,79.82,73.22,90.33,88.25,98.45,84.72,23.43,83.31,2860,18063,7327,16552,16599,13282,2315,15.83,12.82,91.9,91.63,73.53
Dec,Maharashtra,Nanded,27568,20022,2778,5934,5030,18545,505,8712,47590,23575,1.83,5.73,13.13,31.22,2.55,11.96,16.45,2562,65770,21517,59558,9491,58749,64266,27861,3368,28848,65770,76.07,74.59,90.55,89.32,97.71,86.89,12.71,83.11,2238,18728,7430,17280,17377,13663,1848,11.95,9.87,92.79,92.27,72.95
Dec,Maharashtra,Nandurbar,30496,36445,1739,6753,11417,32060,349,8492,66941,43477,1.69,8.24,35.31,64.85,10.25,39.03,18.33,1703,34647,12107,30061,5149,29455,33985,19047,2224,16945,34647,76.57,71.45,86.76,85.01,98.09,83.55,16.43,78.93,1567,10527,4204,9513,9660,7007,1100,14.89,10.45,91.76,90.37,66.56
Dec,Maharashtra,Nashik,60092,47623,5132,12578,13332,46592,633,17710,107715,59924,1.89,6.51,17.47,39.52,4.22,18.97,17.95,3154,105444,28523,94624,15533,93101,103665,131342,4211,39203,105444,74.9,72.76,89.74,88.29,98.31,89.3,38.34,84.75,2707,31290,13430,28990,29362,22228,3992,8.65,12.76,93.84,92.65,71.04
Dec,Maharashtra,Osmanabad,21233,10824,954,3576,2556,11294,183,4530,32057,13850,1,4.75,11.33,33.56,2.55,13.84,13.93,1123,31848,9309,29355,4580,29263,31232,16009,1454,12283,31848,77.24,75.79,92.17,91.88,98.07,90.16,15.83,87.62,1131,9834,3999,9299,9348,7354,1208,11.5,12.28,95.06,94.56,74.78
Dec,Maharashtra,Palghar,34581,33153,1025,5223,8257,30796,359,6248,67734,39053,0.82,4.99,26.45,54.05,6.12,28.95,16.32,1848,43448,12152,37296,6179,38940,42848,18156,2482,17210,43448,74.46,70.61,85.84,89.62,98.62,79.6,11.35,74.57,1208,12563,5002,11183,11296,8418,548,9.62,4.36,89.91,89.02,67.01
Dec,Maharashtra,Parbhani,15502,11556,1071,2761,2628,9333,230,3832,27058,11961,1.51,5.4,16.25,38.04,3.06,13.95,21.42,1007,29592,8631,26561,4186,26510,29072,16440,1256,11929,29592,80.18,72.35,89.76,89.59,98.24,85.94,16.21,82.4,898,8803,3193,8088,8129,6298,770,10.2,8.75,92.34,91.88,71.54
Dec,Maharashtra,Pune,44703,22713,3869,10444,5967,28120,399,14313,67416,34087,1.42,5.24,8.3,24.64,1.82,10.41,11.86,2979,108683,25965,97788,14540,100663,107371,93322,3853,36024,108683,77.32,72.08,89.98,92.62,98.79,85.36,25.04,83.07,2817,25962,9379,23926,23957,18925,3145,10.85,12.11,92.28,92.16,72.9
Dec,Maharashtra,Raigad,13202,6494,634,2134,1856,6785,193,2768,19696,8641,0.72,3.15,7.38,22.38,1.85,8.62,12.76,1291,33665,9715,30134,4925,31310,33277,34867,1695,13476,33665,76.17,72.09,89.51,93,98.85,81.87,29.15,80.24,966,9312,4173,8477,8479,6543,1258,10.37,13.51,91.05,91.03,70.26
Dec,Maharashtra,Ratnagiri,11760,5825,431,2046,1368,7422,126,2477,17585,8790,0.74,4.25,9.98,30.13,2.14,13.72,15.67,697,19520,5223,17175,2634,18634,19366,24312,908,7113,19520,76.76,73.43,87.99,95.46,99.21,87.16,35.15,81.41,684,5173,2490,4884,4876,3951,502,13.22,9.7,94.26,94.41,76.38
Dec,Maharashtra,Sangli,16743,7249,1115,3750,1794,8302,166,4865,23992,10096,0.92,4,5.95,19.69,1.35,7.57,9.9,1532,43800,12171,40083,6384,40389,43333,20538,1978,17355,43800,77.45,70.13,91.51,92.21,98.93,82.74,14.04,81.38,1658,12857,4496,11409,11434,8668,932,12.9,7.25,88.93,88.74,67.42
Dec,Maharashtra,Satara,20475,10839,824,3033,1930,9639,200,3857,31314,11569,0.64,2.98,8.38,24.21,1.38,8.25,10.6,1625,45414,12595,41547,6501,43040,44994,49703,2161,17133,45414,75.2,73.51,91.49,94.77,99.08,87.21,33.46,86.64,1922,12271,5254,11627,11656,9102,1770,15.66,14.42,94.99,94.75,74.17
Dec,Maharashtra,Sindhudurg,5214,4181,198,1054,830,3775,55,1252,9395,4605,0.83,5.25,17.5,39.33,3.29,18.25,14.86,337,8342,2311,7029,1182,7791,8265,9544,417,3259,8342,80.82,70.91,84.26,93.39,99.08,82.37,31.5,75.43,426,2348,1186,2145,2140,1664,272,18.14,11.58,91.14,91.35,70.87
Dec,Maharashtra,Solapur,34767,19652,2239,5853,3860,18047,459,8092,54419,21907,1.17,4.22,10.25,28.38,1.66,9.45,13.99,2931,78998,22705,71362,11396,72102,77906,53242,3809,30733,78998,76.95,73.88,90.33,91.27,98.62,86.93,20.36,83.77,2055,22327,7997,20587,20692,15913,2074,9.2,9.29,92.68,92.21,71.27
Dec,Maharashtra,Thane,40937,24124,3411,10585,7051,28793,427,13996,65061,35844,1.77,7.24,12.47,33.62,3.25,16.52,18.41,2065,73943,18149,66749,10288,66487,73142,43491,2642,24790,73943,78.16,73.21,90.27,89.92,98.92,87.56,16.6,84.46,2319,17472,6784,16282,16305,12732,1884,13.27,10.78,93.32,93.19,72.87
Dec,Maharashtra,Wardha,11459,8542,878,2242,2480,8953,145,3120,20001,11433,1.74,6.17,16.87,39.51,3.79,17.47,16.22,733,20859,6529,18687,2926,18947,20505,16137,1041,8619,20859,70.41,75.75,89.59,90.83,98.3,84.69,23.53,83.67,1014,6229,2816,5853,5894,4837,884,16.28,14.19,94.62,93.96,77.65
Dec,Maharashtra,Washim,15051,9596,1062,2471,2369,8429,171,3533,24647,10798,1.56,5.2,14.1,36.21,3.26,14.88,17.4,861,23029,7234,20549,3341,19786,22499,19471,1143,9958,23029,75.33,72.65,89.23,85.92,97.7,85.27,25.86,82.07,1097,7439,3141,6776,6862,5378,1207,14.75,16.23,92.24,91.09,72.29
Dec,Maharashtra,Yavatmal,25403,20703,2115,5208,5763,19126,338,7323,46106,24889,1.83,6.35,17.91,39.89,4.08,17.61,16.99,1739,47402,14935,42953,6772,41667,46497,30383,2308,20849,47402,75.35,71.63,90.61,87.9,98.09,82.81,18.45,80.74,2298,14875,6588,13074,13201,10385,1718,15.45,11.55,88.75,87.89,69.82
Jan,Maharashtra,Ahmadnagar,37426,20429,1697,6609,4966,22404,466,8306,57855,27370,0.68,3.33,8.19,23.19,1.89,10.44,13.19,3292,85351,25745,79332,12413,78519,84183,76842,4029,33232,85351,81.71,77.47,92.95,92,98.63,89.51,28.14,88.84,3003,26094,9457,24818,24958,20126,4917,11.51,18.84,95.65,95.11,77.13
Jan,Maharashtra,Akola,15006,9098,1074,2894,1899,7817,240,3968,24104,9716,1.4,5.16,11.83,31.33,2.18,11.16,18.99,1153,28951,9139,25418,4135,24177,28506,11769,1481,12286,28951,77.85,74.39,87.8,83.51,98.46,83.86,12.09,79.72,1428,8762,3419,8106,8141,6501,1119,16.3,12.77,92.91,92.51,74.2
Jan,Maharashtra,Amravati,32780,22962,1815,5630,5649,23054,353,7445,55742,28703,1.4,5.76,17.74,43.05,3.94,20.01,16.81,1789,47393,13765,42130,6638,40986,46499,56651,2336,19060,47393,76.58,72.22,88.89,86.48,98.11,83.44,36.31,81.58,3308,13997,6292,12757,12849,10220,3485,23.63,24.9,91.8,91.14,73.02
Jan,Maharashtra,Aurangabad,45566,26955,2299,7987,6908,27685,503,10286,72521,34593,1.17,5.24,13.71,36.89,3.26,16.31,20.22,2378,71058,20041,64681,10519,62269,69832,44820,2954,27186,71058,80.5,73.72,91.03,87.63,98.27,88.34,19.22,85.49,1946,22754,8129,20977,21193,16695,2391,8.55,10.51,93.14,92.19,73.37
Jan,Maharashtra,Beed,26107,17527,2370,5507,3597,15672,427,7877,43634,19269,1.79,5.94,13.19,32.83,2.48,13.28,20.66,1774,51682,15348,46792,7383,46589,50763,21977,2355,20521,51682,75.33,74.79,90.54,90.15,98.22,87.07,12.22,84,1209,16963,5017,15607,15741,12493,1563,7.13,9.21,92.8,92.01,73.65
Jan,Maharashtra,Bhandara,14249,8212,672,2254,1595,6747,142,2926,22461,8342,0.99,4.3,12.05,32.97,2.19,11.45,13.1,941,21381,6971,19328,2898,19164,21082,21141,1223,8955,21381,76.94,77.84,90.4,89.63,98.6,86.95,30.12,84.73,1765,6782,3590,6442,6477,5200,1845,26.02,27.2,95.5,94.99,76.67
Jan,Maharashtra,Buldana,25159,13817,1195,4923,3465,17544,241,6118,38976,21009,1,5.1,11.51,32.46,2.2,13.34,11.86,1955,50896,15298,45550,7327,44608,50212,55551,2283,19821,50896,85.63,77.18,89.5,87.65,98.66,88.83,33.99,85,2032,15219,6154,14485,14581,11564,3074,13.35,20.2,95.81,95.18,75.98
Jan,Maharashtra,Chandrapur,25270,19348,1294,3772,3580,14978,269,5066,44618,18558,1.2,4.7,17.93,41.34,3.15,16.31,19.62,1223,35430,10958,32775,4698,31919,34983,38646,1593,14440,35430,76.77,75.89,92.51,90.09,98.74,86.63,33.19,88.42,2191,10445,4492,9887,9970,7963,2165,20.98,20.73,95.45,94.66,76.24
Jan,Maharashtra,Dhule,26858,20074,1441,4617,4780,17377,364,6058,46932,22157,1.22,5.12,16.94,39.6,3.47,16.07,20.46,1634,44912,13702,40005,7143,38165,44372,30351,2000,18441,44912,81.7,74.3,89.07,84.98,98.8,88.83,21.04,82.79,1261,13029,4474,11972,12136,9585,1192,9.68,9.15,93.15,91.89,73.57
Jan,Maharashtra,Gadchiroli,17418,13459,1131,3641,4437,15288,205,4772,30877,19725,1.9,8.03,22.61,51.87,6.81,30.26,19.96,868,22112,7046,19521,2844,18677,21719,12534,1144,9923,22112,75.87,71.01,88.28,84.47,98.22,79.35,16.62,78.65,1622,7343,3150,6593,6681,5069,1087,22.09,14.8,90.98,89.79,69.03
Jan,Maharashtra,Gondia,19572,9934,1185,3799,2747,11481,230,4984,29506,14228,1.41,5.91,11.78,34.99,3.14,16.25,16.16,1230,26016,8348,23161,3491,22943,25707,23620,1532,10729,26016,80.29,77.81,89.03,88.19,98.81,89.19,28.77,85.22,2061,8254,4015,7869,7878,6388,1944,24.97,23.55,95.44,95.34,77.39
Jan,Maharashtra,Hingoli,14130,10112,1285,2911,2571,9914,191,4196,24242,12485,1.89,6.16,14.83,35.55,3.13,15.21,19.27,886,25813,8272,23437,3785,22715,25353,9692,1102,10862,25813,80.4,76.16,90.8,88,98.22,89.27,11.4,85.01,1209,8270,3068,7622,7680,6161,950,14.62,11.49,92.87,92.16,74.5
Jan,Maharashtra,Jalgaon,44134,20610,2393,9179,5481,26230,442,11572,64744,31711,1.1,5.3,9.42,29.6,2.34,13.52,14.74,2765,78274,22575,72401,11657,68909,77185,169349,3411,30441,78274,81.06,74.16,92.5,88.04,98.61,89.96,67.21,87.84,2664,23372,11872,21933,22155,17410,7041,11.4,30.13,94.79,93.84,74.49
Jan,Maharashtra,Jalna,22680,16570,1843,5155,3179,12868,288,6998,39250,16047,1.51,5.74,13.55,32.11,2.34,11.81,19.47,1404,41362,12410,37172,6343,36167,40472,18169,1732,16510,41362,81.06,75.17,89.87,87.44,97.85,88.4,13.11,83.98,1238,13697,4569,12820,12947,10115,1594,9.04,11.64,94.52,93.6,73.85
Jan,Maharashtra,Kolhapur,28181,11138,1197,5280,3159,14805,255,6477,39319,17964,0.69,3.72,6.39,22.57,1.68,9.54,12.18,1970,60797,15885,55875,8458,56072,60289,58700,2442,20911,60797,80.67,75.96,91.9,92.23,99.16,91.04,30.06,89,2112,17408,6886,16682,16765,13531,1559,12.13,8.96,96.31,95.83,77.73
Jan,Maharashtra,Latur,17707,10912,1322,3118,2691,10359,332,4440,28619,13050,1.44,4.82,11.84,31.04,2.34,11.33,19.89,1481,41574,12697,38475,5869,37635,40628,24822,1952,17322,41574,75.87,73.3,92.55,90.53,97.72,83.71,18.07,85.47,1643,13100,4795,11943,12072,9565,1860,12.54,14.2,92.15,91.17,73.02
Jan,Maharashtra,Mumbai City,6139,3531,929,2488,1369,5359,70,3417,9670,6728,2.79,10.26,10.54,28.86,3.25,15.98,18.37,345,16612,4044,14898,2142,14962,16491,7630,449,5570,16612,76.84,72.6,89.68,90.07,99.27,82.16,11.62,81.06,192,2984,629,2649,2636,2110,167,6.43,5.6,88.34,88.77,70.71
Jan,Maharashtra,Mumbai Suburban,33490,19466,4257,11852,6617,27520,319,16109,52956,34137,2.74,10.37,12.48,33.94,3.3,17.05,16.6,1744,79812,19168,70114,10110,73863,79023,52501,2168,25432,79812,80.44,75.37,87.85,92.55,99.01,86.15,17.62,81.95,1176,14452,3569,13667,13698,11068,893,8.14,6.18,94.78,94.57,76.58
Jan,Maharashtra,Nagpur,29620,17269,2309,6060,4224,19027,451,8369,46889,23251,1.58,5.74,11.82,32.08,2.36,12.98,16.62,2462,62961,19079,57190,8677,55540,62043,50142,2974,25520,62961,82.78,74.76,90.83,88.21,98.54,85.5,25.04,85.14,2806,18441,6686,17099,17151,13561,2592,15.22,14.06,93,92.72,73.54
Jan,Maharashtra,Nanded,28432,19689,2307,5322,4433,17600,479,7629,48121,22033,1.46,4.84,12.45,30.43,2.21,10.97,16.54,2450,66468,21466,60590,9750,59231,64933,30541,3169,28530,66468,77.31,75.24,91.16,89.11,97.69,88,13.92,84.57,2438,19487,6820,18001,18133,14362,2563,12.51,13.15,93.05,92.37,73.7
Jan,Maharashtra,Nandurbar,32700,35658,1329,6450,10757,32000,292,7779,68358,42757,1.23,7.21,32.98,63.23,9.43,37.5,17.43,1505,35077,12005,30557,5697,29917,34435,20237,1933,16595,35077,77.86,72.34,87.11,85.29,98.17,84.15,17.52,79.83,1606,10700,4019,9774,9907,7324,1309,15.01,12.23,92.59,91.35,68.45
Jan,Maharashtra,Nashik,62593,48282,5196,12753,13328,47159,629,17949,110875,60487,1.81,6.25,16.8,38.59,4.09,18.55,17.24,3298,106881,28727,96781,15635,94394,105076,149364,4228,38932,106881,78,73.79,90.55,88.32,98.31,90.22,43.56,86.18,2724,32531,14048,30407,30789,24151,5437,8.37,16.71,94.65,93.47,74.24
Jan,Maharashtra,Osmanabad,20457,9019,488,2796,2030,10318,149,3284,29476,12348,0.51,3.45,9.46,30.93,2.04,12.4,11.72,1114,31884,9319,29634,4381,29350,31309,17670,1374,12116,31884,81.08,76.91,92.94,92.05,98.2,89.3,17.53,88.97,1162,10168,3865,9689,9754,7772,1664,11.43,16.37,95.93,95.29,76.44
Jan,Maharashtra,Palghar,37043,34168,736,4405,8233,31933,383,5141,71211,40166,0.55,3.82,25.36,52.86,5.62,27.43,18.22,1773,44746,13055,38645,5935,39981,44159,20270,2320,17480,44746,76.42,74.69,86.37,89.35,98.69,82.18,12.6,77.57,1226,12748,4592,11530,11639,9020,774,9.62,6.07,91.3,90.45,70.76
Jan,Maharashtra,Parbhani,15157,11158,817,2423,2330,8930,237,3240,26315,11260,1.16,4.6,15.83,37.32,2.74,13.23,22.55,1002,29701,8646,26757,4103,26577,29180,17506,1218,11728,29701,82.27,73.72,90.09,89.48,98.25,86.18,17.31,83.91,955,9192,3049,8453,8520,6582,1039,10.39,11.3,92.69,91.96,71.61
Jan,Maharashtra,Pune,48707,22880,3514,10477,5426,27007,386,13991,71587,32433,1.08,4.32,7.05,22.07,1.54,9.2,11.39,2975,111413,27396,101363,14521,102990,110155,101901,3886,36484,111413,76.56,75.09,90.98,92.44,98.87,87.95,27.22,85.79,3087,27793,9587,26157,26206,21244,4485,11.11,16.14,94.29,94.11,76.44
Jan,Maharashtra,Raigad,12894,6161,519,1892,1692,6539,177,2411,19055,8231,0.59,2.75,7.03,21.75,1.69,8.2,13.59,1160,34321,9938,30927,4749,31750,33940,36335,1456,13369,34321,79.67,74.34,90.11,92.51,98.89,84.04,30.23,82.37,983,9658,3964,8920,8930,6872,1595,10.18,16.51,92.46,92.36,71.15
Jan,Maharashtra,Ratnagiri,11962,5453,332,1863,1305,7242,118,2195,17415,8547,0.56,3.68,9.12,29.13,2.02,13.22,14.75,704,19667,5528,17404,2488,18822,19533,24883,884,7265,19667,79.64,76.09,88.49,95.7,99.32,86.72,35.96,82.93,682,5221,2296,4939,4938,3938,651,13.06,12.47,94.58,94.6,75.43
Jan,Maharashtra,Sangli,17107,6871,888,3457,1644,8604,196,4345,23978,10248,0.7,3.41,5.39,18.8,1.19,7.4,11.32,1591,45068,12662,41583,6382,41711,44598,22290,2052,17274,45068,77.53,73.3,92.27,92.55,98.96,85.94,15.2,84.58,1741,13357,4402,12171,12207,9647,1089,13.03,8.15,91.39,91.12,72.22
Jan,Maharashtra,Satara,19643,9935,596,2597,1832,9409,200,3193,29578,11241,0.47,2.5,7.76,23.11,1.29,7.89,11.76,1485,45930,12961,42390,6479,43677,45569,51629,1930,16932,45930,76.94,76.55,92.29,95.09,99.21,88.5,34.66,88.44,2049,12830,5056,12270,12296,10024,1748,15.97,13.62,95.84,95.64,78.13
Jan,Maharashtra,Sindhudurg,5664,4308,167,1133,855,3956,62,1300,9972,4811,0.64,5.01,16.56,38.33,3.14,17.68,18.24,294,8492,2335,7183,1174,7994,8422,9793,363,3261,8492,80.99,71.6,84.59,94.14,99.18,82.85,32.11,76.56,425,2410,1111,2199,2208,1735,263,17.63,10.91,91.62,91.24,71.99
Jan,Maharashtra,Solapur,35606,19145,1799,5714,3535,17307,399,7513,54751,20842,0.89,3.7,9.42,26.94,1.49,8.81,13.44,2688,79618,23098,72554,10873,72618,78571,56799,3460,30448,79618,77.69,75.86,91.13,91.21,98.68,88.46,21.64,85.48,2142,23206,7677,21638,21735,16897,2382,9.23,10.26,93.66,93.24,72.81
Jan,Maharashtra,Thane,43355,23907,3225,10948,7094,29898,367,14173,67262,36992,1.58,6.93,11.67,32.83,3.1,16.18,17.48,1883,74929,18854,67932,9874,67265,74116,46451,2380,24956,74929,79.12,75.55,90.66,89.77,98.91,87.5,17.54,85.6,2469,18601,6664,17474,17507,13685,2215,13.27,11.91,94.12,93.94,73.57
Jan,Maharashtra,Wardha,11722,8659,728,2054,2356,8777,165,2782,20381,11133,1.41,5.4,16.79,39.52,3.57,16.87,17.12,822,21042,6547,19001,2825,19086,20693,17464,1106,8607,21042,74.32,76.07,90.3,90.7,98.34,81.04,25.44,84.5,1028,6328,2594,5968,6016,4853,1098,16.25,17.35,95.07,94.31,76.69
Jan,Maharashtra,Washim,14985,8897,506,1725,2008,7781,175,2231,23882,9789,0.74,3.27,13.04,35.01,2.71,13.19,17.8,882,23605,7178,21238,3412,20352,23107,20261,1163,9728,23605,75.84,73.79,89.97,86.22,97.89,86.71,26.95,84.16,1112,7484,2970,6939,7007,5558,1291,14.86,17.25,93.63,92.72,74.27
Jan,Maharashtra,Yavatmal,30013,22271,1642,5451,5371,19087,360,7093,52284,24458,1.2,5.19,16.27,38.2,3.46,15.77,16.9,1912,48843,15259,44504,6963,42682,47929,32483,2451,20793,48843,78.01,73.39,91.12,87.39,98.13,84.12,19.75,83.15,2283,14971,6305,13375,13505,10812,2372,15.25,15.84,90.21,89.34,72.22
Nov,Maharashtra,Ahmadnagar,38634,23349,2485,8012,6127,24283,489,10497,61983,30410,1.02,4.3,9.55,25.35,2.38,11.8,12.41,3545,84457,26205,77765,12545,77953,83203,66718,4571,33750,84457,77.55,77.64,92.08,92.3,98.52,88.42,24.46,87.05,2820,25413,10173,23984,24104,19382,3725,11.1,14.66,94.85,94.38,76.27
Nov,Maharashtra,Akola,13171,9326,1265,2661,2088,7850,197,3926,22497,9938,1.96,6.07,14.39,34.7,2.76,13.12,14.91,1159,26934,8535,23206,3750,22468,26470,9191,1588,11996,26934,72.98,71.15,86.16,83.42,98.28,77.75,9.52,73.51,1408,8967,3711,7993,8032,6399,707,15.7,7.88,89.57,89.14,71.36
Nov,Maharashtra,Amravati,29860,23214,2610,6111,6573,22977,364,8721,53074,29550,2.27,7.59,20.16,46.1,5.03,22.61,16.58,1896,45636,13538,40026,6463,39352,44711,50724,2552,19231,45636,74.29,70.4,87.71,86.23,97.97,80.25,32.57,77.45,3233,13833,6370,12261,12336,9689,2764,23.37,19.98,89.18,88.64,70.04
Nov,Maharashtra,Aurangabad,41460,27146,3441,8835,8247,28625,632,12276,68606,36872,1.94,6.92,15.29,38.63,4.21,18.83,22.69,2576,68272,19935,61513,9941,60237,67022,37232,3328,27862,68272,77.4,71.55,90.1,88.23,98.17,83.78,15.93,81.79,1826,21984,7900,19619,19821,15620,1651,8.31,7.51,90.16,89.24,71.05
Nov,Maharashtra,Beed,26292,19184,2633,6036,4108,15964,405,8669,45476,20072,2.03,6.67,14.73,34.92,2.98,14.56,17.51,1941,49605,15207,44402,6912,44783,48675,18597,2748,20669,49605,70.63,73.57,89.51,90.28,98.13,83.51,10.41,79.89,1092,15844,5308,14143,14276,11514,888,6.89,5.6,90.1,89.26,72.67
Nov,Maharashtra,Bhandara,13439,8779,905,2494,1945,7374,196,3399,22218,9319,1.48,5.54,14.28,36.14,2.87,13.77,14.76,1094,20983,6878,18627,2777,18867,20599,17467,1493,9015,20983,73.28,76.3,88.77,89.92,98.17,83.04,24.81,80.38,1691,6720,3761,6081,6112,4929,1029,25.16,15.31,90.95,90.49,73.35
Nov,Maharashtra,Buldana,23549,15348,2443,5690,4866,19958,341,8133,38897,24824,2.23,7.44,14.02,35.52,3.18,16.23,15.62,2060,50279,15679,44241,7290,43952,49544,49573,2500,20206,50279,82.4,77.6,87.99,87.42,98.54,87.49,30.23,82.47,1958,15297,6579,14475,14556,11562,2301,12.8,15.04,95.16,94.63,75.58
Nov,Maharashtra,Chandrapur,24608,20034,1962,4233,4257,15990,357,6195,44642,20247,1.89,5.96,19.24,42.88,3.8,18.05,21.02,1504,35364,10958,32402,4522,31970,34864,34148,2006,14434,35364,74.98,75.92,91.62,90.4,98.59,85.39,29.32,86.27,2075,10333,4915,9738,9798,7695,1547,20.08,14.97,94.82,94.24,74.47
Nov,Maharashtra,Dhule,23510,20539,1898,4890,5487,17820,412,6788,44049,23307,1.93,6.89,20.8,44.61,4.5,19.12,19.9,1886,42467,13816,37504,6320,36038,41828,25997,2345,18744,42467,80.43,73.71,88.31,84.86,98.5,83.36,17.97,78.58,1170,12580,4590,11104,11245,8586,927,9.3,7.37,89.39,88.27,68.25
Nov,Maharashtra,Gadchiroli,16747,13714,1445,4225,5261,15817,261,5670,30461,21078,2.56,10.05,24.24,53.84,8.37,33.52,19.86,1052,20605,6591,17947,2489,17370,20205,9914,1544,9903,20605,68.13,66.56,87.1,84.3,98.06,76.16,13.2,71.15,1394,6989,3226,5909,5980,4616,868,19.95,12.42,85.56,84.55,66.05
Nov,Maharashtra,Gondia,16712,9907,1323,3296,2544,9669,283,4619,26619,12213,1.68,5.87,12.58,33.8,3,14.41,17.74,1339,26174,8118,22842,3339,23317,25777,20197,1715,10562,26174,78.08,76.86,87.27,89.08,98.48,86.86,24.54,81.93,2122,8365,4556,7881,7905,6250,1256,25.37,15.01,94.5,94.21,74.72
Nov,Maharashtra,Hingoli,10849,8849,1188,2690,2916,9631,245,3878,19698,12547,2.42,7.91,18.01,40.08,4.55,19.58,20.87,1037,23046,7589,20370,3095,20241,22565,6102,1388,11009,23046,74.71,68.93,88.39,87.83,97.91,79.52,7.18,74.92,1067,7824,2870,6534,6595,5220,299,13.64,3.82,84.29,83.51,66.72
Nov,Maharashtra,Jalgaon,45342,26408,3839,10410,6882,29411,517,14249,71750,36293,1.78,6.61,12.23,33.22,2.92,15.41,14.89,3154,76436,23601,69868,11172,67195,75227,124807,4098,31293,76436,76.96,75.42,91.41,87.91,98.42,88.91,49.22,84.7,2690,23270,10700,21347,21597,16988,1955,11.56,8.4,92.81,91.74,73
Nov,Maharashtra,Jalna,22363,17523,3035,5980,4281,14227,412,9015,39886,18508,2.65,7.89,15.27,34.76,3.24,13.99,23.04,1691,40267,12703,35580,5958,35193,39352,14828,2177,16936,40267,77.68,75.01,88.36,87.4,97.73,87.44,10.74,81.1,1136,12799,4736,11906,11999,9618,998,8.88,7.8,93.75,93.02,75.15
Nov,Maharashtra,Kolhapur,27093,11925,1726,5873,3560,14955,330,7599,39018,18515,1.03,4.54,7.12,23.31,1.94,10.09,13.64,2185,59680,15912,53940,8313,54985,59105,53265,2865,21198,59680,76.27,75.06,90.38,92.13,99.04,89.43,27.38,85.79,2198,17501,7049,16346,16452,12799,1025,12.56,5.86,94.01,93.4,73.13
Nov,Maharashtra,Latur,16965,11695,1986,3711,3425,11332,386,5697,28660,14757,2.24,6.41,13.13,32.18,3.02,13.01,18.58,1706,40158,12771,36635,5599,36305,39214,12487,2457,17937,40158,69.43,71.2,91.23,90.41,97.65,82.92,9.1,81.19,1596,13016,4501,11523,11658,9214,979,12.26,7.52,89.57,88.53,70.79
Nov,Maharashtra,Mumbai City,5900,3413,1068,2418,1382,4999,59,3486,9313,6381,3.37,11,10.69,29.18,3.49,16.12,12.61,414,14957,3635,13306,1766,13440,14827,6342,577,5277,14957,71.75,68.88,88.96,89.86,99.13,77.12,9.93,74.03,171,2661,679,2220,2206,1882,120,6.43,4.51,82.9,83.43,70.73
Nov,Maharashtra,Mumbai Suburban,30311,18373,3753,11613,6667,25231,364,15366,48684,31898,2.57,10.53,12.53,33.21,3.57,17.06,16.78,1905,76933,17947,66970,9427,70851,76268,44760,2569,24427,76933,74.15,73.47,87.05,92.09,99.14,83,15.25,78.2,1094,13279,3893,12263,12272,10297,517,8.24,3.89,92.42,92.35,77.54
Nov,Maharashtra,Nagpur,26577,17333,2715,6648,4888,19727,504,9363,43910,24615,2.08,7.18,13.25,33.56,2.87,14.46,16.58,2615,59080,18301,52951,8115,52225,58133,41798,3423,25009,59080,76.39,73.18,89.63,88.4,98.4,82.33,21.1,79.58,2781,18176,7322,16204,16247,13019,1950,15.3,10.73,89.39,89.15,71.63
Nov,Maharashtra,Nanded,26754,20396,3106,6225,5813,19303,622,9331,47150,25116,2.14,6.44,14.02,32.42,3.05,13.19,17.02,3020,64859,22064,58303,8885,57881,63361,24630,4071,29299,64859,74.18,75.31,89.89,89.24,97.69,85.47,11.2,81.3,2220,19279,7778,17510,17646,14036,1337,11.52,6.94,91.53,90.82,72.8
Nov,Maharashtra,Nandurbar,30138,39513,2586,7315,12517,32593,384,9901,69651,45110,2.52,9.66,38.44,67.75,11.47,41.32,20.52,1626,34029,12298,29317,4593,29057,33376,17405,2207,16767,34029,73.67,73.35,86.15,85.39,98.08,83.6,14.97,77.16,1497,10847,4402,9656,9759,7326,982,13.8,9.05,89.97,89.02,67.54
Nov,Maharashtra,Nashik,58161,48075,5373,12703,14292,47802,641,18076,106236,62094,2.06,6.92,18.37,40.59,4.57,19.85,17.01,3261,103653,29067,92423,15383,92001,101966,106405,4480,39122,103653,72.79,74.3,89.17,88.76,98.37,87.28,31.07,83.06,2542,30859,12622,28158,28523,21375,3274,8.24,10.61,92.43,91.25,69.27
Nov,Maharashtra,Osmanabad,20011,10757,1511,3981,2938,11430,260,5492,30768,14368,1.69,6.15,12.03,34.4,3.08,15.05,16.88,1334,31148,9159,28603,4465,28574,30522,13690,1712,12085,31148,77.92,75.79,91.83,91.74,97.99,88.03,13.69,85.83,1104,9843,3897,9192,9233,7227,1100,11.22,11.18,93.8,93.39,73.42
Nov,Maharashtra,Palghar,33747,33941,1254,5952,9250,31159,344,7206,67688,40409,1.01,5.79,27.24,54.32,6.96,30.39,16.1,1748,41549,11934,35639,5688,37334,40949,16202,2509,17208,41549,69.67,69.35,85.78,89.86,98.56,75.83,9.97,69.75,1293,13316,5001,11308,11426,8416,408,9.71,3.06,85.81,84.92,63.2
Nov,Maharashtra,Parbhani,14982,11097,1223,2785,2761,9261,265,4008,26079,12022,1.77,5.81,16.04,37.7,3.31,14.4,21.15,1138,29087,8502,25888,4007,26155,28543,15270,1485,11937,29087,76.63,71.22,89,89.92,98.13,84.16,15.02,79.81,876,8767,3225,7895,7927,6254,721,9.99,8.22,90.42,90.05,71.34
Nov,Maharashtra,Pune,41589,21479,3770,10385,6254,27576,409,14155,63068,33830,1.53,5.73,8.68,25.49,2.07,11.21,12.12,2987,105441,25480,94268,14025,97675,104143,75934,4018,35162,105441,74.34,72.46,89.4,92.63,98.77,82.95,20.38,80.09,2698,25749,8577,23015,23041,18154,2118,10.48,8.23,89.48,89.38,70.5
Nov,Maharashtra,Raigad,13315,6957,731,2412,2039,6986,209,3143,20272,9025,0.86,3.7,8.18,23.83,2.13,9.44,12.98,1379,32485,9382,28924,4640,30173,32117,31580,1829,13344,32485,75.4,70.31,89.04,92.88,98.87,78.91,26.48,77.35,912,9131,3930,8139,8131,6219,922,9.99,10.1,89.05,89.14,68.11
Nov,Maharashtra,Ratnagiri,11020,5574,409,1933,1401,7128,94,2342,16594,8529,0.73,4.2,9.99,29.75,2.27,13.8,11.55,693,19073,4963,16748,2575,18228,18907,23196,920,6866,19073,75.33,72.28,87.81,95.57,99.13,84.9,33.64,79.09,694,5076,2477,4729,4724,3718,520,13.67,10.24,93.07,93.16,73.25
Nov,Maharashtra,Sangli,15430,7036,1143,3535,1789,8027,203,4678,22466,9816,1.06,4.35,6.54,20.89,1.5,8.21,11.48,1548,41131,11696,37496,5832,37743,40658,17845,2111,17286,41131,73.33,67.66,91.16,91.76,98.85,76.64,12.23,76.53,1527,12804,4193,10724,10745,8280,681,11.93,5.32,83.92,83.76,64.67
Nov,Maharashtra,Satara,20741,11890,1106,3281,2169,10175,256,4387,32631,12344,0.9,3.57,9.67,26.53,1.58,9,12.64,1683,44838,12770,40870,6204,42430,44355,45344,2327,17087,44838,72.32,74.74,91.15,94.63,98.92,85.37,30.35,84.87,1908,12740,5465,11655,11688,9247,1357,14.98,10.65,91.74,91.48,72.58
Nov,Maharashtra,Sindhudurg,5386,4279,234,1118,897,3954,63,1352,9665,4851,0.96,5.55,17.52,39.58,3.48,18.81,17.5,315,8078,2256,6707,1177,7511,8007,9149,405,3271,8078,77.78,68.97,83.03,92.98,99.12,80.67,30.21,72,419,2343,1227,2110,2106,1687,241,17.88,10.29,89.88,90.06,72
Nov,Maharashtra,Solapur,35730,20579,2576,6455,4575,19436,549,9031,56309,24011,1.34,4.69,10.67,29.18,2.01,10.53,14.46,3246,77695,23063,69719,10957,70942,76625,46978,4376,31207,77695,74.18,73.9,89.73,91.31,98.62,83.83,17.91,81.14,2074,22988,8136,20634,20720,16077,1740,9.02,7.57,90.13,89.76,69.94
Nov,Maharashtra,Thane,39470,24124,3660,10817,7372,28585,454,14477,63594,35957,1.95,7.71,12.82,33.8,3.43,16.72,17.71,2222,72231,17850,64857,9522,64989,71394,39013,2959,24185,72231,75.09,73.81,89.79,89.97,98.84,85.11,15.01,82.49,2159,17138,6850,15823,15833,12705,1451,12.6,8.47,92.39,92.33,74.13
Nov,Maharashtra,Wardha,10189,7851,928,2143,2618,9121,198,3071,18040,11739,2.09,6.91,17.64,40.53,3.97,17.8,17.68,901,20690,6697,18417,2928,18793,20340,14106,1327,8862,20690,67.9,75.57,89.01,90.83,98.31,84.07,20.58,82.39,1046,6169,2783,5783,5824,4595,560,16.96,9.08,94.41,93.74,74.49
Nov,Maharashtra,Washim,15209,9713,1212,2987,2767,9045,198,4199,24922,11812,1.83,6.33,14.63,37.54,3.88,16.57,18.07,969,22369,7275,19740,3314,19202,21839,18213,1363,9853,22369,71.09,73.84,88.25,85.84,97.63,85.74,24.3,80.19,1065,7295,3015,6570,6627,5170,848,14.6,11.62,90.84,90.06,70.87
Nov,Maharashtra,Yavatmal,25702,20997,2193,5437,6511,19854,441,7630,46699,26365,1.92,6.67,18.33,40.76,4.65,18.85,18.41,2012,46455,15095,41837,6657,41031,45548,27659,2775,21504,46455,72.5,70.2,90.06,88.32,98.05,79.59,16.67,78.17,2176,15010,6297,12868,12983,9908,1619,14.5,10.79,86.5,85.73,66.01
